{"accuracy": [0.5905683040618896, 0.8562344312667847, 0.9114730954170227, 0.9381037354469299, 0.9529269337654114, 0.962984561920166, 0.9697702527046204, 0.9750195741653442, 0.9780069589614868, 0.9810512661933899], "loss": [1.3878974914550781, 0.4508116543292999, 0.2706895172595978, 0.18903863430023193, 0.14172101020812988, 0.11273828148841858, 0.09136716276407242, 0.07719987630844116, 0.06746265292167664, 0.05725458636879921], "val_accuracy": [0.8348509073257446, 0.9000682830810547, 0.9324493408203125, 0.9522535800933838, 0.9256203174591064, 0.936546802520752, 0.9561802744865417, 0.9569770097732544, 0.9671636819839478, 0.9657978415489197], "val_loss": [0.5091301202774048, 0.3085607588291168, 0.2123570591211319, 0.14489012956619263, 0.2390684336423874, 0.2103881984949112, 0.15255798399448395, 0.13560530543327332, 0.10965778678655624, 0.10776755958795547]}